category	roc_auc
African	0.9219230229706858
CelticEnglish	0.9682965953499807
EastAsian	0.9797979889993346
European	0.9635712608930118
Greek	0.9654580135904234
Hispanic	0.9787101900120486
Jewish	0.9447799667160343
Muslim	0.9683978530338355
Nordic	0.9701183134591179
SouthAsian	0.965737162787959
